Name,URL,Sentiment
Sudarshan,https://www.wykop.pl/link/4223359/blockchain-amp-bitcoin-conference-berlin-on-april-4th/,0
Sudarshan,http://www.computerweekly.com/news/252434855/Criminals-hijack-government-sites-to-mine-cryptocurrency-used-to-hide-wealth,-1
Sudarshan,http://www.mcclatchydc.com/news/politics-government/white-house/article198740894.html,-1
Sudarshan,https://slashdot.org/submission/7844329/coincheck-says-it-lost-crypto-coins-valued-at-about-400-million,-1
Sudarshan,https://cointelegraph.com/news/philippines-senator-proposes-stricter-penalties-for-crimes-involving-crypto,-1
Sudarshan,https://www.cnbc.com/2018/02/22/your-bitcoin-may-be-lost-for-good-if-you-die-without-a-plan-for-it.html,0
Sudarshan,https://www.japantimes.co.jp/news/2018/03/27/business/twitter-bans-crytocurrency-ads-fraud-fears-sending-bitcoin-value-south/,-1
Sudarshan,https://www.naturalnews.com/2018-02-25-bitcoin-wallet-devices-found-to-be-surprisingly-vulnerable-to-hacking.html,-1
Sudarshan,https://www.cnbc.com/2018/01/25/treasury-secretary-mnuchin-explains-why-hes-really-looking-closely-at-bitcoin.html,-1
Sudarshan,https://www.finextra.com/pressarticle/72476/vio-teams-up-with-eidoo-on-token-sale-in-effort-to-become-african-remittance-player?utm_medium=rss&utm_source=finextrafeed,1
Sudarshan,https://hackernoon.com/how-to-build-a-computer-with-ease-graphics-a770da3b5205,0
Sudarshan,https://cointelegraph.com/news/goldman-sachs-investment-chief-crypto-bubble-burst-will-affect-1-of-global-gdp,0
Sudarshan,https://www.coindesk.com/amazon-user-orders-bitcoin-miner-gets-boss-baby-dvd-instead/,-1
Sudarshan,http://investmentwatchblog.com/meet-the-worlds-next-central-banker-mark-zuckerberg/,-1
Sudarshan,https://www.youbrandinc.com/blockchain/how-does-the-blockchain-work-pt-1/,0
Sudarshan,http://www.bitrebels.com/business/financial-institutions-cryptocurrency-boom/,1
Sudarshan,http://www.returnofkings.com/150239/bitcoin-proves-that-the-glass-ceiling-keeping-women-down-is-a-myth,1
Sudarshan,http://www.breitbart.com/tech/2018/02/12/arizona-senate-passes-bill-that-allows-citizens-to-pay-taxes-in-bitcoin/,1
Sudarshan,https://www.techmeme.com/180227/p17,0
Sudarshan,https://www.investopedia.com/news/how-much-does-it-cost-mine-bitcoin-around-world/,0
Sudarshan,https://www.gizmodo.com.au/2018/03/jack-dorsey-seems-pretty-sure-bitcoin-will-be-the-worlds-single-currency-in-10-years/,1
Sudarshan,http://www.valuewalk.com/2018/01/bitcoin-price-weekly-analysis/,-1
Sudarshan,https://www.yahoo.com/news/venezuela-president-solution-inflation-change-money-234121520.html,-1
Sudarshan,https://www.thesslstore.com/blog/cryptojacking-8500-q4-2017-symantec/,-1
Sudarshan,http://bitcoinist.com/artificial-intelligence-robotics-kepler/,1
Sudarshan,http://www.businessinsider.com/bitcoin-price-today-march-2-ethereum-ripple-litecoin-cryptocurrencies-2018-3,1
Sudarshan,https://slashdot.org/firehose.pl?op=view&amp;id=97353837,1
Sudarshan,https://www.zerohedge.com/news/2018-02-09/visualizing-worst-crashes-bitcoin-history,-1
Sudarshan,https://mashable.com/2018/02/13/bitcoin-taxes-arizona/,1
Sudarshan,http://bitcoinist.com/heres-how-bitcoin-is-enticing-some-to-risk-their-savings/,1
Sudarshan,https://www.cnbc.com/2018/01/30/pencils-of-promise-got-1-million-in-bitcoin-from-pineapple-fund.html,1
Sudarshan,http://hiphopdx.com/news/id.45766/title.50-cent-reportedly-made-millions-by-accepting-bitcoin-payments,1
Sudarshan,https://www.youbrandinc.com/blockchain/blockchain-and-iot-edge-connected-by-filament-chip/,1
Sudarshan,https://www.investopedia.com/news/two-blackrock-exbond-specialists-create-bitcoin-hedge-fund/,0
Sudarshan,http://bitcoinist.com/bitcoin-core-0-16-0-rolls-full-segwit-support/,1
Sudarshan,https://cointelegraph.com/news/playboy-to-release-crypto-wallet-integrate-vice-industry-tokens,1
Sudarshan,https://www.cnbc.com/2018/02/26/circle-acquisition-of-poloniex-is-just-the-beginning-of-likely-consolidation-in-crypto.html,1
Sudarshan,https://cacm.acm.org/opinion/articles/226276-the-fcc-should-use-blockchain-to-manage-wireless-spectrum/fulltext,1
Sudarshan,https://www.bangkokpost.com/business/world/1400650/seoul-to-start-real-name-cryptocurrency-trading,1
Sudarshan,https://www.businessinsider.com/td-ameritrade-ceo-interview-on-bitcoin-cryptocurrency-and-cannabis-2018-1,1
Sudarshan,http://bitcoinist.com/breaking-coinbase-confirms-drastically-overcharging-users-debit-credit-purchases-draining-accounts/,-1
Sudarshan,https://siliconangle.com/blog/2018/03/23/blockchain-goes-proof-concept-production-think2018/,1
Sudarshan,https://www.rt.com/business/417673-bitcoin-fall-continues-cryptocurrency/?utm_source=rss&utm_medium=rss&utm_campaign=RSS,-1
Sudarshan,http://news.sys-con.com/node/4239455,0
Sudarshan,https://www.yahoo.com/news/bitcoin-slides-further-headed-worst-week-since-2013-093716827--sector.html,-1
Sudarshan,http://punchng.com/senate-warns-nigerians-against-investment-in-bitcoins/,-1
Sudarshan,https://www.businessinsider.com/sp-global-ratings-on-cryptocurrency-contagion-risk-to-banks-2018-2?IR=T,-1
Sudarshan,https://www.cnbc.com/2018/02/27/sikur-cryptocurrency-wallet-smartphone.html,1
Sudarshan,http://www.businessinsider.com/cryptocurrencty-and-blockchain-startup-prodeum-pulled-an-exit-scam-2018-1,-1
Sudarshan,https://www.digitaltrends.com/computing/sec-warning-causes-cryptocurrency-price-drop/,-1
Parth,https://motherboard.vice.com/en_us/article/59kq75/crypto-harlem-video-surveillance-of-black-community,0
Parth,https://www.databreaches.net/voter-bee-databases-hit-with-ransomware-attack/,0
Parth,https://nypost.com/2018/02/28/bill-gates-says-bitcoin-has-been-a-fairly-direct-cause-of-deaths/,-1
Parth,https://www.japantimes.co.jp/news/2018/02/21/business/bitcoins-free-another-japanese-cryptocurrency-exchange-lands-hot-water/,-1
Parth,http://www.onlydeadfish.co.uk/only_dead_fish/2018/01/blockchain-and-the-perez-technological-surge-cycle.html,-1
Parth,http://www.freemalaysiatoday.com/category/world/2018/01/29/philippines-to-develop-rules-on-cryptocurrency-trading/,1
Parth,http://www.firstpost.com/business/blockchain-technology-heralds-an-internet-of-value-govt-and-firms-should-hop-onto-the-bandwagon-4399863.html,1
Parth,https://www.cnbc.com/2018/02/10/stock-and-awe--how-bitcoins-plunge-may-have-been-a-precursor-to-market-turmoil.html,0
Parth,https://www.coindesk.com/tech-legend-steve-wozniak-scammed-70k-bitcoin/,-1
Parth,https://www.windowscentral.com/why-price-graphics-cards-ruining-your-vr-fun,0
Parth,https://www.ifsecglobal.com/watch-how-the-super-secure-sikurphone-secures-bitcoin-and-cannot-so-far-be-hacked/,1
Parth,http://www.theeventchronicle.com/finanace/top-south-korean-crypto-regulator-found-dead-unknown-cause/,-1
Parth,https://www.wykop.pl/link/4219461/coinfloor-to-launch-physically-settled-bitcoin-futures-next-month/,1
Parth,https://www.cnbc.com/2018/03/09/sec-crypto-crackdown-may-not-affect-bitcoin-venture-capitalist.html,1
Parth,https://www.youbrandinc.com/crytocurrency/gambling-tycoon-builds-100m-bitcoin-funded-antiguan-resort/,1
Parth,http://unwire.hk/2018/03/12/peppernaohacked/tech-secure/,0
Parth,https://hackernoon.com/an-introduction-to-cryptocurrency-wallets-288629d879a4,0
Parth,https://www.extremetech.com/computing/265917-ibm-creates-worlds-smallest-computer-blockchain-tech,0
Parth,https://www.dallasnews.com/business/money/2018/02/26/texas-blockscryptocurrency-firm-used-image-ruth-bader-ginsburg-web-site,1
Parth,https://motherboard.vice.com/en_us/article/59kqza/50-cent-swears-under-oath-he-doesnt-have-any-bitcoin,-1
Parth,https://www.ft.com/content/038d92d6-0d32-11e8-8eb7-42f857ea9f09,-1
Parth,https://cointelegraph.com/news/somethings-fishy-tether-auditor-dissolve-relationship-according-to-rumors,0
Parth,https://www.cnbc.com/2018/03/18/bitcoin-rallies-back-700-in-less-than-three-hours.html,1
Parth,https://nofilmschool.com/2018/12/indie-film-weekly-022218-podcast,1
Parth,https://www.hackread.com/lazarus-group-back-targeting-banks-bitcoin-users-phishing-scam/,-1
Parth,https://hypebeast.com/2018/2/50-cent-never-owned-bitcoin-animal-ambition-sales,1
Parth,https://www.prnewswire.com/news-releases/the-underlying-value-of-cryptocurrencies-671078743.html,1
Parth,https://inno3.it/2018/02/16/flash-news-artificial-intelligence-cyberattack-bitcoin-bike-sharing/,1
Parth,https://www.coindesk.com/grayscale-dcg-launches-fund-top-crypto-assets-eth-included/,1
Parth,http://www.cityam.com/279592/mays-davos-speech-inspired-more-fear-than-optimism-next,N/A
Parth,http://techcrunch.com/2018/02/27/rakuten-will-roll-its-9b-loyalty-program-into-a-new-blockchain-based-cryptocurrency-rakuten-coin/,1
Parth,https://www.youbrandinc.com/crytocurrency/john-oliver-on-bitcoin-blockchain-and-cryptocurrency/,-1
Parth,https://cointelegraph.com/news/regulations-and-their-influence-on-cryptocurrency-prices,0
Parth,https://www.rte.ie/news/business/2018/0129/936701-japan-cryptocurrencies/,-1
Parth,https://www.tweaktown.com/news/61331/ethereum-asic-miners-close-cheap-graphics-cards-soon/index.html,-1
Parth,https://www.fool.com/investing/2018/01/29/5-cryptocurrencies-that-have-brand-name-partners.aspx,1
Parth,https://www.youbrandinc.com/crytocurrency/cryptocurrency-mania-whats-next-for-bitcoin-ethereum-litecoin-ripple-and-others/,1
Parth,https://hackernoon.com/shorting-crypto-6165b4c49321,0
Parth,https://www.freerepublic.com/focus/f-news/3626939/posts,-1
Parth,https://www.newsbtc.com/2018/02/21/bitfunder-founder-charged-sec-61-million-bitcoin/,-1
Parth,https://www.youbrandinc.com/crytocurrency/bitcoin-is-not-out-of-the-woods-yet/,1
Parth,https://medium.com/the-mission/5-ways-blockchain-will-change-crm-for-the-better-4add23d9ab10,1
Parth,https://www.theguardian.com/the-relationship-project/2018/feb/13/the-truth-behind-the-headlines-how-the-financial-news-affects-your-money,N/A
Parth,https://www.youbrandinc.com/crytocurrency/g20-leaders-to-hold-fire-on-cryptocurrencies-amid-discord-sources/,-1
Parth,http://bitcoinist.com/mycelium-wallet-partners-changelly/,0
Parth,https://www.itsecuritynews.info/crypto-botnets-causing-mass-disruption/,-1
Parth,https://www.independent.ie/business/technology/moneyconf-announced-as-first-web-summit-event-to-return-to-dublin-36598515.html,0
Parth,https://www.rt.com/news/418830-alien-search-cryptocurrency-hamper/,0
Parth,https://www.digitaltrends.com/web/coinbase-credit-card-bitcoin-fee/,1
Parth,https://www.npr.org/sections/thetwo-way/2018/01/23/579880053/whos-trading-bitcoin-south-korea-wants-to-know,-1
Kenneth,http://www.cbc.ca/news/business/cse-tmx-blockchain-clearing-exchange-1.4533814,1
Kenneth,https://www.itproportal.com/features/streamlining-the-insurance-industry-with-blockchain/,0
Kenneth,https://www.businessinsider.com/rogoff-next-financial-crisis-cryptocurrencies-bitcoin-2018-1,-1
Kenneth,https://www.theglobeandmail.com/globe-investor/bitcoin-rises-above-10000-strategist-sees-new-high-by-july/article37994381/,0
Kenneth,http://www.firstpost.com/tech/news-analysis/google-will-ban-ads-about-unregulated-financial-products-such-as-cryptocurrencies-4389765.html,0
Kenneth,https://blogs.wsj.com/moneybeat/2018/01/26/wsj-wealth-adviser-briefing-an-advisers-guide-to-dealing-with-death-charging-bitcoin/,0
Kenneth,https://www.entrepreneur.com/article/308714,1
Kenneth,http://gfxbing.com/graphic-ebooks/846732-bitcoin-for-dummies-2018-guide-bitcoin-explained-simply-for-dummies-beginners.html,0
Kenneth,http://dataprotectioncenter.com/malware/record-surges-in-healthcare-attacks-fileless-malware-cryptocurrency-mining/,0
Kenneth,https://www.coindesk.com/actor-steven-seagal-endorses-questionable-bitcoiin-ico/,0
Kenneth,http://bitcoinist.com/mastermind-behind-silk-road-appeals-judges-decisions/,0
Kenneth,https://www.dailyfx.com/forex/technical/article/special_report/2018/02/26/Cryptocurrency-Charts-Support-in-Ripple-Ethereum-Look-Vulnerable-PRtech.html,-1
Kenneth,https://www.newsbtc.com/2018/03/19/tether-primary-reserve-bank-puerto-rico-says-bitmex/,0
Kenneth,https://tribune.com.pk/story/1653627/8-us-judge-rules-cryptocurrency-commodities/,0
Kenneth,https://www.youbrandinc.com/crytocurrency/how-xrps-tech-differs-from-other-crypto-assets/,0
Kenneth,https://www.youbrandinc.com/crytocurrency/iceland-to-use-more-energy-mining-bitcoin-than-powering-its-homes-this-year/,0
Kenneth,https://technode.com/2018/03/22/netease-force/,0
Kenneth,https://www.prnewswire.com/news-releases/cryptoworld-foundation-creates-main-chain-integrating-a-multi-chain-alliance-mechanism-bidding-farewell-to-the-era-of-ethereum-single-chain-300612218.html,0
Kenneth,https://politics.slashdot.org/story/18/03/19/2026242/trump-bans-venezuelas-new-national-cryptocurrency,-1
Kenneth,http://www.bbc.com/news/technology-43025788,-1
Kenneth,https://www.coindesk.com/ico-tokens-already-changing-traditional-startups/,0
Kenneth,https://www.youbrandinc.com/crytocurrency/square-cash-expands-bitcoin-buying-and-selling-to-all-users/,0
Kenneth,https://www.marketwatch.com/story/bitcoins-intrinsic-value-must-be-zero-allianz-2018-03-14,-1
Kenneth,https://www.coindesk.com/no-buying-litecoin-cash-isnt-buying-bitcoin-cash/,-1
Kenneth,https://sourceforge.net/projects/btcstl/,0
Kenneth,https://www.youbrandinc.com/blockchain/vermont-city-partners-with-propy-to-bring-blockchain-to-real-estate-transfers/,1
Kenneth,https://www.irishtimes.com/business/technology/dublin-based-fintech-firm-in-400m-acquisition-1.3407229,1
Kenneth,http://www.nzherald.co.nz/business/news/article.cfm?c_id=3&objectid=11992414,1
Kenneth,http://www.viruss.eu/virus-news/mcafee-labs-threats-report-examines-cryptocurrency-hijacking-ransomware-fileless-malware/,0
Kenneth,https://www.cnbc.com/2018/03/15/bitcoin-investors-betting-on-puerto-rico-.html,-1
Kenneth,https://www.coindesk.com/banks-finally-talking-crypto-filings/,0
Kenneth,https://www.newsbtc.com/2018/03/27/ripple-price-technical-analysis-xrp-usd-decline-2/,-1
Kenneth,http://www.valuewalk.com/2018/01/samsungs-cryptocurrency-mining/,1
Kenneth,https://dl.acm.org/citation.cfm?id=3152481,0
Kenneth,https://www.independent.co.uk/life-style/gadgets-and-tech/news/bitcoin-price-latest-child-sexual-abuse-images-blockchain-illegal-transactions-research-a8266226.html,-1
Kenneth,https://www.cnbc.com/2018/03/21/an-early-bitcoin-pioneer-predicts-how-the-blockchain-will-change-banking.html,1
Kenneth,https://coincheckup.com/blog/beginner-guide-cryptocurrency-research/,0
Kenneth,http://bitcoinist.com/cryptocurrency-japan-crypto-industry-groups-merge-launch-self-regulatory-body/,-1
Kenneth,https://www.nytimes.com/2018/02/24/upshot/tech-envisions-the-ultimate-start-up-an-entire-city.html,0
Kenneth,http://businesswire.sys-con.com/node/4243291,0
Kenneth,https://www.ozbargain.com.au/node/360338,0
Kenneth,https://www.freerepublic.com/focus/f-chat/3633729/posts,0
Kenneth,http://thehill.com/policy/cybersecurity/374713-tesla-amazon-cloud-account-hacked-used-to-mine-cryptocurrency,0
Kenneth,https://finance.yahoo.com/news/ripples-new-chief-market-strategist-crypto-regulation-will-separate-wheat-chaff-114110796.html,-1
Kenneth,https://www.fastcompany.com/40519925/bid-against-the-winklevoss-twins-in-this-crypto-art-auction?partner=rss&utm_source=rss&utm_medium=feed&utm_campaign=rss+fastcompany&utm_content=rss,1
Kenneth,https://sputniknews.com/radio_double_down/201802131061609477-the-seven-network-effects-of-bitcoin/,0
Kenneth,http://www.redmondpie.com/bitcoin-value-in-2018-hits-new-low-is-it-time-to-invest-in/,-1
Kenneth,https://www.cnbc.com/2018/02/06/bitcoin-plunges-below-6000-alongside-global-stock-markets.html,-1
Kenneth,https://www.newsbtc.com/2018/02/21/bitcoin-cash-price-technical-analysis-bch-usd-breaks/,-1
Kenneth,https://www.businessinsider.com/bitcoin-ethereum-ripple-prices-fall-on-february-2-as-100bn-wiped-off-crypto-market-2018-2,0
Johannes,http://bitcoinist.com/dave-kleinmans-estate-sues-craig-wright-1-million-bitcoin/,0
Johannes,https://www.globalresearch.ca/video-the-bitcoin-psyop/5626886,0
Johannes,http://www.cnbc.com/2018/01/23/bitcoin-is-not-an-investment-we-would-advise-ubs-chairman-says.html,-1
Johannes,https://www.coindesk.com/better-late-never-time-regulators-put-crypto-notice/,-1
Johannes,https://www.techmeme.com/180321/p6,0
Johannes,https://www.geekwire.com/2018/tldr-international-moves-canada-parking-lots-shared-bikes-regulators-target-bitcoin/,0
Johannes,http://bitcoinist.com/goldman-sachs-circle-poloniex-now-what/,0
Johannes,https://www.newsbtc.com/2018/02/14/bitcoin-cash-price-technical-analysis-bch-usd-remains-supported-2/,1
Johannes,https://www.youbrandinc.com/crytocurrency/twitter-ceo-jack-dorsey-says-bitcoin-will-eventually-be-the-single-global-currency-report/,1
Johannes,https://www.liveleak.com/view?i=8ad_1517082909,0
Johannes,https://www.sfgate.com/business/technology/article/Q-A-How-is-the-growth-of-bitcoin-affecting-the-12604922.php,0
Johannes,http://fortune.com/2018/02/15/blockchain-google-coinbase/,0
Johannes,https://www.npr.org/sections/thetwo-way/2018/01/26/581130968/-400-million-missing-in-hack-of-japanese-digital-currency-exchange,-1
Johannes,https://www.democracynow.org/2018/3/21/six_months_after_maria_residents_resist,0
Johannes,https://www.hackread.com/austria-seek-interpol-help-to-bust-bitcoin-scammers-who-stole-115m/,-1
Johannes,https://finance.yahoo.com/news/report-twitter-ban-many-cryptocurrency-182314444.html,-1
Johannes,https://www.youbrandinc.com/crytocurrency/facebook-bans-ads-promoting-cryptocurrencies/,-1
Johannes,http://bitcoinist.com/charlie-lee-labels-litecoin-cash-scam/,0
Johannes,http://bitcoinist.com/two-uae-investors-learned-bitcoin-isnt-a-get-rich-quick-scheme/,-1
Johannes,https://www.youbrandinc.com/crytocurrency/bitcoin-price-analysis-regulators-warm-to-cryptocurrencies/,-1
Johannes,http://asadal.bloter.net/22924,0
Johannes,https://www.youbrandinc.com/crytocurrency/monero-cryptocurrency-miner-leverages-nsa-exploit/,0
Johannes,https://cointelegraph.com/news/a-new-all-in-one-mining-platform-promises-leading-tech-low-costs-and-instant-withdrawals,0
Johannes,http://www.dailymail.co.uk/wires/reuters/article-5358031/Bitcoin-falls-half-value-lost-2018.html,-1
Johannes,https://www.businessinsider.com/bitcoin-price-morgan-stanley-says-cryptocurrency-like-tech-bubble-era-nasdaq-but-15-times-faster-2018-3,0
Johannes,https://www.youbrandinc.com/crytocurrency/edward-snowden-public-ledger-is-bitcoins-central-flaw/,-1
Johannes,https://www.youbrandinc.com/crytocurrency/japan-cryptocurrency-exchange-hacked-530-million-goes-missing/,-1
Johannes,https://www.investopedia.com/terms/h/hodl.asp,0
Johannes,https://www.darkreading.com/attacks-breaches/new-method-proposed-for-secure-government-access-to-encrypted-data/d/d-id/1331309?,0
Johannes,https://www.investopedia.com/tech/what-kraken/,0
Johannes,https://bitcoinmagazine.com/articles/physical-bitcoins-our-hands-end-end-review-opendime/?utm_source=feedburner&utm_medium=feed&utm_campaign=Feed%3A+BitcoinMagazine+%28Bitcoin+Magazine%29#1516731368,0
Johannes,https://www.investopedia.com/news/cryptocurrency-this-week-bitcoin-price-fluctuations/,1
Johannes,https://www.investopedia.com/news/should-coinbase-stop-selling-bitcoin-cash/,0
Johannes,https://www.zerohedge.com/news/2018-02-12/iceland-crypto-mining-companies-will-consume-more-energy-households-2018,0
Johannes,https://mashable.com/2018/03/15/bitcoin-below-8000/,-1
Johannes,https://seekingalpha.com/article/4146315-regulation-within-crypto-currency-markets,0
Johannes,https://hackernoon.com/altcoins-worth-focusing-on-this-week-hire-zcl-brd-neo-and-gas-b0c22a18d0da,0
Johannes,https://cointelegraph.com/news/morgan-stanley-bitcoins-price-story-is-nasdaq-15-times-faster,-1
Johannes,https://article.wn.com/view/2018/02/27/5_billion_lawsuit_filed_against_alleged_bitcoin_creator_l/,0
Johannes,https://www.youbrandinc.com/crytocurrency/are-most-cryptocurrencies-headed-for-zero-goldman-sachs-believes-so/,-1
Johannes,https://www.techmeme.com/180321/p6,0
Johannes,http://news.sys-con.com/node/4231565,0
Johannes,https://www.inc.com/eric-mack/unbelievably-bitcoin-is-still-on-track-to-hit-a-million-dollars-by-2021.html,1
Johannes,https://www.businessinsider.com.au/blockchain-now-has-an-australian-university-course-to-try-to-explain-it-2018-2,0
Johannes,http://www.madshrimps.be/news/item/173902,1
Johannes,https://dailyfintech.com/2018/03/17/welcome-zarc-gin-as-our-new-author-reporting-on-bitcoin-blockchain-and-cryptocurrency-developments-within-china/,0
Johannes,http://bitcoinist.com/3-problems-ripple-investors-cant-ignore/,-1
Johannes,https://hackernoon.com/17m-xrb-stolen-and-what-this-means-for-the-beleaguered-cryptocurrency-a21af8f088a,-1
Johannes,http://fortune.com/2018/02/26/50-cent-bitcoin-millionaire/,0
Johannes,https://www.pcgamer.com/unicefs-game-chaingers-asks-gamers-to-mine-cryptocurrency-to-support-relief-efforts-in-syria/,0
Kshiti,http://news.sys-con.com/node/4234365,1
Kshiti,https://www.elespectador.com/economia/que-pasa-con-los-bitcoin-de-una-persona-que-muere-articulo-738932,
Kshiti,https://www.reuters.com/article/us-bitcoin-fed/bitcoin-may-not-be-worth-all-the-hoopla-n-y-fed-blog-post-idUSKBN1FT231,-1
Kshiti,http://brobible.com/success/article/cryptocurrency-millionaire-buys-lamborghini-huracan-bitcoin/,0
Kshiti,https://www.newsbtc.com/2018/02/23/ethereum-creator-vitalik-buterin-donates-763000-machine-intelligence-institute/,0
Kshiti,http://bitcoinist.com/bitcoin-hurts-govt-control-dollar/,-1
Kshiti,http://news.sys-con.com/node/4232023,1
Kshiti,https://www.newsbtc.com/2018/02/13/the-diversified-blockchain-investment-of-2018/,0
Kshiti,http://business.financialpost.com/technology/blockchain/bitcoin-dips-below-6000-as-cryptocurrency-exodus-accelerates,0
Kshiti,https://www.businessinsider.com/kay-swinburne-mep-uk-should-embrace-blockchain-post-brexit-for-next-big-bang-moment-2018-2,0
Kshiti,https://www.theguardian.com/business/2018/feb/05/lloyds-bank-bans-buying-bitcoins-credit-cards,-1
Kshiti,http://www.startribune.com/1-75m-or-174-bitcoins-choice-is-yours-for-delaware-estate/471185283/,
Kshiti,https://www.coindesk.com/making-peace-cryptos-capacity-evil/,-1
Kshiti,http://www.ubergizmo.com/2018/02/lloyds-bank-wont-allow-buy-bitcoin-with-credit-card/,-1
Kshiti,http://news.sys-con.com/node/4230009,0
Kshiti,http://www.dailymail.co.uk/wires/reuters/article-5308503/English-soccer-club-Arsenal-signs-promote-cryptocurrency.html,0
Kshiti,http://bitcoinist.com/starbucks-chairman-howard-schultz-believes-in-cryptocurrency/,-1
Kshiti,http://www.livemint.com/Industry/zOm8ZzlBl81O9JfcWVLJfI/Bitcoin-pop-culture-moment-fades-as-fad-gives-way-to-regulat.html,-1
Kshiti,http://www.nzherald.co.nz/business/news/article.cfm?c_id=3&objectid=12020925,0
Kshiti,https://www.businessinsider.com/gbtc-bitcoin-investment-trust-stock-price-popping-after-91-for-1-split-2018-1,1
Kshiti,https://hothardware.com/news/coincheck-hack-results-in-530-million-loss,0
Kshiti,https://finance.yahoo.com/video/bitcoin-questions-answered-sorry-don-160240128.html,0
Kshiti,http://www.scmp.com/comment/insight-opinion/article/2133017/regulation-welcome-dont-block-blockchain-entirely,0
Kshiti,https://www.coindesk.com/from-icon-to-eos-these-coins-are-leading-the-crypto-market-rebound/,0
Kshiti,https://thenextweb.com/?p=1113606,0
Kshiti,http://www.thestar.com.my/business/business-news/2018/02/21/msian-firm-adds-islamic-certification-to-cryptocurrency/,0
Kshiti,https://www.bloomberg.com/news/articles/2018-02-13/bitcoin-industry-grapples-with-age-old-problem-of-inheritance,-1
Kshiti,http://inspirationfeed.com/why-stocks-are-a-better-investment-option-than-crypto/,-1
Kshiti,https://www.cnbc.com/2018/03/09/cryptocurrency-scammers-of-giza-make-off-with-2-million-after-ico.html,0
Kshiti,https://www.reuters.com/article/us-bitcoin-taxes/few-americans-reporting-cryptocurrency-trading-to-irs-for-now-report-idUSKBN1FX0RF,0
Kshiti,http://www.crm-daily.com/story.xhtml?story_id=107332,0
Kshiti,http://hiphopwired.com/746249/baby-i-got-your-crypto-ol-dirty-bastards-estate-joins-the-cryptocurrency-wave/,0
Kshiti,https://motherboard.vice.com/en_us/article/43bveq/cryptocurrency-puzzle-art-andy-bauch-lego,0
Kshiti,http://www.zdnet.com/article/south-korea-seeks-transparency-rules-out-cryptocurrency-trading-ban/,-1
Kshiti,https://www.youbrandinc.com/crytocurrency/ethereum-chief-warns-cryptocurrencies-could-drop-to-near-zero-at-any-time/,-1
Kshiti,http://www.dailymail.co.uk/news/article-5529301/Ex-footballer-Michael-Owen-launches-cryptocurrency.html,0
Kshiti,http://bitcoinist.com/icos-raised-1-billion-2018-february/,1
Kshiti,https://www.theglobeandmail.com/report-on-business/rob-commentary/trumps-view-of-world-direct-attack-on-spirit-of-co-operation/article37778662/,0
Kshiti,https://www.independent.ie/business/technology/stud-farm-horse-for-sale-for-four-bitcoins-36640041.html,0
Kshiti,https://bitcoinmagazine.com/articles/kavita-gupta-lubin-buterin-and-entrepreneurship-blockchain-space/?utm_source=feedburner&utm_medium=feed&utm_campaign=Feed%3A+BitcoinMagazine+%28Bitcoin+Magazine%29#1519334861,0
Kshiti,https://www.bleepingcomputer.com/news/security/lockcrypt-1btc-variant-installed-over-hacked-remote-desktop-services/,0
Kshiti,https://www.bloomberg.com/news/articles/2018-03-26/solid-gold-casts-of-nelson-mandela-s-hands-sell-for-bitcoin,0
Kshiti,https://www.cnbc.com/2018/02/07/a-relationship-between-bitcoin-and-gold-exists-rbc-analyst-finds.html,0
Kshiti,https://www.investopedia.com/news/coinbase-made-over-1b-revenue-last-year-report/,0
Kshiti,http://fortune.com/2018/01/23/sec-ico-cryptocurrency/,0
Kshiti,https://www.gamespot.com/articles/what-is-bitcoin/1100-6456794/,0
Kshiti,https://www.networkworld.com/article/3257706/storage/emerging-blockchain-based-distribution-storage-market-and-its-effect-on-cloud-computing.html,0
Kshiti,https://www.news24.com/World/News/first-bitcoin-robbery-in-taiwan-leads-to-four-arrests-20180222,0
Kshiti,http://bgr.com/2018/03/12/bitcoin-explained-john-oliver-blockchain/,0
Kshiti,http://observer.com/2018/02/crypto-news-site-launched-former-observer-editor-ken-kurson/,0